Company,Skills,More Info
SuryaInformaticsSolutionsPvt.Ltd.,"python,webtechnologies,linux,mobile,mysql,angularjs,javascript",https://www.timesjobs.com/job-detail/python-surya-informatics-solutions-pvt-ltd-chennai-0-to-3-yrs-jobid-UVlLes58wutzpSvf__PLUS__uAgZw==&source=srp
AxisTechnolabs,"python,django,itskills,html5,api,jquery",https://www.timesjobs.com/job-detail/python-odoo-axistechnolabs-ahmedabad-0-to-1-yrs-jobid-HzL8naalyxFzpSvf__PLUS__uAgZw==&source=srp
SohoDragon,"python,datamining,storage,security,debugging",https://www.timesjobs.com/job-detail/python-developer-soho-dragon-ahmedabad-0-to-3-yrs-jobid-c6AxKzPgBENzpSvf__PLUS__uAgZw==&source=srp
AxisTechnolabs,"python,css,userinteraction,bootstrap,openerp,database,xml,oops,html",https://www.timesjobs.com/job-detail/python-developer-axistechnolabs-ahmedabad-0-to-1-yrs-jobid-UqL7KgAUov1zpSvf__PLUS__uAgZw==&source=srp
DoodleblueInnovationsPvtLtd,"python,database,django,git,html5,debugging,javascript,jquery",https://www.timesjobs.com/job-detail/python-developer-doodleblue-innovations-pvt-ltd-chennai-0-to-3-yrs-jobid-ZDWKX8wOZMlzpSvf__PLUS__uAgZw==&source=srp
pegasusknowledgesolutionsindiapvtltd.,"python,css,django,java,html,bootstrap,api,jquery,sql",https://www.timesjobs.com/job-detail/python-developer-pegasus-knowledge-solutions-india-pvt-ltd-bengaluru-bangalore-0-to-3-yrs-jobid-XiCKMhU2A29zpSvf__PLUS__uAgZw==&source=srp
gammastackindore,"python,database,django,restapi,oops,machinelearning,artificialintelligence",https://www.timesjobs.com/job-detail/python-developer-gammastack-indore-indore-0-to-3-yrs-jobid-k5C0GmkyZ8JzpSvf__PLUS__uAgZw==&source=srp
TechasoftPvtLtd,"python,javascript,docker,django,postgresql,oops,mysql,mongodb,opencv",https://www.timesjobs.com/job-detail/python-developer-techasoft-pvt-ltd-bengaluru-bangalore-0-to-3-yrs-jobid-Zn8__SLASH__9rCyRjNzpSvf__PLUS__uAgZw==&source=srp
youngmindstechnologysolutionspvtltd,"python,html5,storage,javascript,security,django",https://www.timesjobs.com/job-detail/python-developer-young-minds-technology-solutions-pvt-ltd-tirupati-0-to-3-yrs-jobid-NDA__SLASH__WwOTUCFzpSvf__PLUS__uAgZw==&source=srp
speqtotechnologiespvtltd,"c,python,github,c,restapi,database,postgresql,debugging,datastructures",https://www.timesjobs.com/job-detail/python-developer-speqto-technologies-pvt-ltd-noida-greater-noida-0-to-3-yrs-jobid-c5Isw59MJvZzpSvf__PLUS__uAgZw==&source=srp
VirtualwareInnovations,"python,html5,javascript,sql,nosql,docker,django,git,debugging,mysql,api,mongodb",https://www.timesjobs.com/job-detail/python-developer-virtualware-innovations-hyderabad-secunderabad-pune-bengaluru-bangalore-0-to-3-yrs-jobid-gBSXpZhFq71zpSvf__PLUS__uAgZw==&source=srp
ADROITLEARNINGANDMANPOWERPVTLTD,"restapi,sql,database,security,devops,rest,python,tornado,javascript,django,infrastructure",https://www.timesjobs.com/job-detail/python-developer-adroit-learning-and-manpower-pvt-ltd-ahmedabad-0-to-5-yrs-jobid-SV0IJvoyLGhzpSvf__PLUS__uAgZw==&source=srp
sparkeighteen,"securitycompliance,html5,storage,security,database,debugging,rest,python,mobile,problemsolving,javascript,django,infrastructure",https://www.timesjobs.com/job-detail/python-developer-spark-eighteen-delhi-delhi-ncr-0-to-3-yrs-jobid-AMRb__SLASH__nO5Jg5zpSvf__PLUS__uAgZw==&source=srp
aspirebittechnolabpvtltd,"securitycompliance,python,html5,mobile,svn,storage,javascript,security,database,django,git,debugging",https://www.timesjobs.com/job-detail/python-developer-aspirebit-technolab-pvt-ltd-surat-0-to-3-yrs-jobid-F9RQ2UH3a2NzpSvf__PLUS__uAgZw==&source=srp
onlineproductivitysolutionspvt.ltd.,"rest,python,rdbms,problemsolving,visualsourcesafe,webbasedapplications,django,git,webdevelopment",https://www.timesjobs.com/job-detail/python-developer-online-productivity-solutions-pvt-ltd-panjim-panaji-0-to-3-yrs-jobid-WqfkpKurtQZzpSvf__PLUS__uAgZw==&source=srp
TECHNOPARKTRIVANDRUM,"imageprocessing,rest,python,problemsolving,sql,django,mvc,middleware",https://www.timesjobs.com/job-detail/python-developer-technopark-trivandrum-thiruvananthapuram-0-to-3-yrs-jobid-lgyuYvs2g1NzpSvf__PLUS__uAgZw==&source=srp
VirtualwareInnovations,"arcgis,docker,sql,database,java,git,postgresql,devops,linux,softwareengineering,rest,python,svn,nosql,django,managementsystems",https://www.timesjobs.com/job-detail/python-developer-virtualware-innovations-hyderabad-secunderabad-0-to-3-yrs-jobid-7cbB5F5Z5xJzpSvf__PLUS__uAgZw==&source=srp
destinyhrgroupservices,"fundamentals,python,css,javascript,jquery,database,django,java,json,html",https://www.timesjobs.com/job-detail/python-developer-destiny-hr-group-services-gurgaon-0-to-1-yrs-jobid-ZBPXkQ5iEPBzpSvf__PLUS__uAgZw==&source=srp
XpetizeTechnologySolutionsPrivateLimited,"rest,python,rdbms,nosql,postgresql,devops,socialservices,shellscripting,mysql,mongodb",https://www.timesjobs.com/job-detail/python-developer-xpetize-technology-solutions-private-limited-pune-bengaluru-bangalore-0-to-3-yrs-jobid-__PLUS__KLYknwrpHNzpSvf__PLUS__uAgZw==&source=srp
inflexitechnologiespvtltd,"algorithms,python,css,naturallanguageprocessing,problemsolving,teamplayer,machinelearning,ajax,javascript,jquery,database,postgresql,xml,messagequeue,debugging,datastructures,mysql,html,api",https://www.timesjobs.com/job-detail/python-associates-inflexi-technologies-pvt-ltd-australia-0-to-2-yrs-jobid-EWbDFJUwYh9zpSvf__PLUS__uAgZw==&source=srp
